{"initial_reset_timestamp": 16498.6194944, "timestamps": [16503.2951705, 16509.7529943, 16516.4994448, 16519.1709296, 16524.7147024, 16531.7946219, 16533.5315099, 16540.4784898, 16544.6499763, 16548.0567509, 16552.3312593, 16556.8739853, 16562.3511146, 16570.6337733, 16580.5190102], "episode_lengths": [66, 96, 101, 40, 83, 106, 26, 104, 62, 51, 64, 68, 82, 124, 148], "episode_rewards": [0.0, 0.0, 0.0, 0.0, 1.0, 0.0, 0.0, 0.0, 0.0, 0.0, 3.0, 0.0, 0.0, 0.0, 1.0], "episode_types": ["t", "t", "t", "t", "t", "t", "t", "t", "t", "t", "t", "t", "t", "t", "t", "t"]}